session_id,recommendations
S_1000741,18615 164184 27314 173416 80105 48341 109611 85284 177064 106457
S_1000747,41168 50796 133741 79740 111630 37937 172993 71146 61450 103282
S_1000755,85791 80188 160002 96639 17780 93890 182372 169488 125507 111941
S_1000775,146882 80266 96024 180736 3404 144092 47344 138744 111973 100177
S_1000778,93013 185363 29788 162758 150829 149495 79942 12580 60115 174195
S_1000779,54933 53961 177942 94389 119122 57611 52997 33189 42840 14371
S_1000783,156523 2271 181572 80519 1239 60946 16920 791 163939 126467
S_1000787,112498 164768 94664 9643 46106 98194 180786 182512 22710 106585
S_1000789,168660 147987 111554 49603 143690 145052 136619 86268 109177 122402
S_1000799,64162 48304 93527 31891 94759 147987 60095 77315 165033 104487
S_1000803,125745 41872 116869 21769 161430 7045 78356 36860 557 104558
S_1000808,42729 84612 43190 146962 70390 156380 136921 153701 39802 120156
S_1000812,69215 26951 2563 131875 57878 134935 85913 170494 37174 39629
S_1000815,125768 184500 173521 84317 146897 13576 185001 93186 51689 147889
S_1000816,27503 27050 76243 123124 184848 88503 46264 8577 87394 144698
S_1000820,60978 96717 121274 121923 59548 168981 8818 73565 62 114297
S_1000823,15178 147360 72008 8996 100379 75503 126208 48296 130392 143247
S_1000825,122183 152236 18380 92549 8576 147655 25783 9321 175767 141936
S_1000826,57812 110620 107476 60946 55689 37786 175035 129667 12276 155414
S_1000827,15860 106161 88778 185339 103896 47265 34178 71790 35359 172665
S_1000829,141389 153050 92634 64127 84902 137492 73416 117034 62796 106911
S_1000839,12025 184660 103174 115844 14375 169105 29586 19546 122402 24779
S_1000844,156941 38931 107593 169501 29825 37128 13005 2697 142341 186642
S_1000853,184502 66229 28395 80925 102813 166493 12693 117173 121998 79339
S_1000862,110485 93606 133898 147118 165532 148947 95435 158470 20096 47028
S_1000863,110397 93531 51689 129859 11175 103300 56894 163964 12340 87308
S_1000866,83484 122676 127267 133183 75470 20339 106926 85303 22791 148021
S_1000899,31891 22799 162754 151472 76672 93527 116462 8390 81540 108646
S_1002043,182801 45666 36860 130716 182089 1828 179538 112075 167508 42570
S_1002046,178089 18681 122892 143119 82237 71492 168156 152317 23681 51891
S_1002052,52662 138435 123139 166358 450 88211 161540 162881 19842 178156
S_1002053,11791 113280 94411 111947 17513 9586 78290 109160 140651 127695
S_1002059,176982 181373 145681 140150 134800 162527 174114 169252 151462 110631
S_1002063,9620 75373 185474 153539 123299 119096 69638 130218 34867 153640
S_1002067,143388 159771 179938 127818 159782 29127 135769 85870 13006 138495
S_1002074,74669 106498 167329 164184 64131 22817 38673 5908 129679 41625
S_1002076,150891 98864 166790 31187 82693 89436 92894 97349 121710 63289
S_1002078,87249 32156 71338 111554 49603 136619 169488 146946 149451 147987
S_1002096,46903 170461 81914 181253 5198 150888 162122 42336 18829 159918
S_1002098,73985 32439 55437 148436 146614 42845 11847 42071 11503 4734
S_1002099,117333 24117 59487 40352 54152 123130 125389 19783 178808 40528
S_1002100,156830 104869 24017 133311 135794 93890 53592 137196 156294 156280
S_1002103,88077 65537 14403 80546 186680 139834 1274 4738 45411 109442
S_1002104,29205 101348 121740 49016 33161 176601 119258 18897 47936 130912
S_1002108,131868 136135 170069 12361 6884 3092 140851 20953 93366 14999
S_1002109,122774 177765 131639 17773 26882 136998 104713 94442 41824 182920
S_1002110,7793 93527 84571 28482 36375 60095 81540 31891 40111 20096
S_1002119,103939 129524 122857 150058 69453 9122 121685 38985 81141 65505
S_1002126,150397 56255 42279 104710 94389 44813 69695 103543 114077 115771
S_1002146,183395 94546 172427 88579 162224 142897 4715 118039 127070 156380
S_1002157,105889 80222 54627 144298 120745 111288 2763 112381 187394 71614
S_1002161,56599 79560 143840 121019 16944 4769 22172 99199 101284 187548
S_1002169,60415 48224 66439 36679 175360 118806 64818 3332 142911 109445
S_1002171,37691 106201 108989 76034 1183 145242 161990 72843 80475 157957
S_1002188,139294 36113 28239 34630 100814 100505 17251 4196 176495 174283
S_1002194,44896 32589 129483 162282 109615 124085 68559 110087 51649 45115
S_1002195,55818 60156 167559 147465 3692 117183 128590 87560 187696 118617
S_1002205,138948 139506 123408 185260 11605 7585 153924 137382 118039 129109
S_1002209,47205 85906 179892 37589 142067 50886 21978 70416 4893 141591
S_1002216,170964 11411 158871 22687 71875 174408 93527 88820 15289 37004
S_1002218,5480 20708 37263 13767 153592 5512 162414 39775 18228 139180
S_1002225,32979 14672 117956 70488 111726 117046 35520 84014 57720 173771
S_1002226,10818 52813 141000 142897 152138 29322 160591 24826 58153 141396
S_1002227,67635 175821 68989 126525 153566 23181 129384 5157 77637 113509
S_1002238,66469 143494 591 99740 144218 18746 25993 84267 131405 8502
S_1002242,69574 8439 161743 118549 175101 85801 77137 104161 105710 72205
S_1002243,39256 83288 55186 70983 180197 148333 167644 31238 156203 122478
S_1002247,150223 16042 68740 47218 92696 124666 38706 26805 67710 38612
S_1002252,69725 63198 187705 22635 38078 108012 62393 168146 4769 117283
S_1002253,127602 60735 143154 125944 37958 106504 76453 154414 175033 65673
S_1002258,54632 113607 2247 20359 31565 98424 139451 30951 96639 156745
S_1002270,160963 111592 92229 21031 34389 166555 107095 163555 67300 26238
S_1002271,104558 6875 19678 180197 48383 62729 171673 181836 148333 162182
S_1002276,142509 38612 113216 113223 67710 132548 130890 129242 186704 113242
S_1002282,113700 100028 175159 95612 54332 136521 28056 150787 117065 168
S_1002283,111481 62169 106929 160473 48344 176098 14464 15962 25385 68740
S_1002288,105324 72859 147776 116250 46745 88542 75352 164611 114906 98534
S_1002292,77978 50584 52389 171841 114421 187347 71293 100096 158717 170214
S_1002297,141000 141396 38638 29322 10818 52813 120156 39802 184230 142897
S_1002299,55818 34018 36678 147465 135940 178855 19306 167559 33732 3692
S_1002306,107887 48628 37319 119467 6327 56617 111246 134610 107292 178003
S_1002311,50707 90363 128924 93697 179540 101547 105671 130333 18501 2093
S_1002313,102579 170907 143143 33013 182692 64238 4143 111174 145355 186372
S_1003213,43350 183074 79716 66083 30598 109573 84186 128633 41213 84174
S_1003217,156349 145028 55291 124932 22963 15845 2653 4519 15066 99576
S_1003230,59750 76665 148939 114624 37221 115940 29070 28327 124292 15446
S_1003232,171298 80188 11667 68686 27314 162057 5572 16498 135221 12638
S_1003235,100096 86185 1348 67962 85860 59593 124967 82687 127400 158694
S_1003242,130149 81820 12379 152775 74855 869 56062 148239 8626 43529
S_1003245,167242 151565 92674 173343 11605 139506 7585 93862 137382 139443
S_1003250,136381 122711 23666 34522 186372 45867 117037 64238 18109 110497
S_1003253,58480 39599 13926 38819 491 113223 45009 151940 9415 127972
S_1003258,184526 11749 107329 147058 10753 39358 185298 142120 69101 96573
S_1003260,139956 68368 88820 152585 144687 1637 121337 129823 46795 132221
S_1003262,61544 39706 38507 117089 38636 99859 120943 53735 1673 107412
S_1003270,118199 117883 19045 55574 158555 89086 130645 131252 79148 147670
S_1003271,95781 125653 42847 15738 30934 178668 178377 1106 158717 149964
S_1003273,147987 16145 136619 49603 149451 168660 109387 184640 58145 37412
S_1003283,69045 38612 113223 67710 95153 113216 186704 48284 48344 68740
S_1003291,46070 48460 73177 54372 28434 123224 7057 90133 128477 157272
S_1003292,162159 173343 92674 11605 139506 151565 6201 167242 37592 154023
S_1003300,80266 132221 184660 169105 115844 12212 167310 65073 129119 164626
S_1003304,141393 47752 128278 153607 156203 133519 102963 121039 124667 168448
S_1003324,99971 59548 110008 72053 93848 96904 62 157819 133793 18623
S_1003327,37640 43060 103909 9321 36699 78284 149127 172306 8277 4304
S_1003332,42527 57833 122271 127893 10753 5813 95402 71142 63457 3224
S_1003337,47439 20653 117691 107097 143941 187431 100770 41446 171596 184204
S_1003341,58474 20359 131533 5336 52377 173566 36122 65402 150419 46438
S_1003342,143226 72142 123371 185825 40615 38310 114186 5825 37787 45677
S_1003346,2723 38466 76091 1651 144060 32838 33547 116353 158982 54479
S_1003358,108459 43621 6207 167559 67296 170065 74390 88489 5416 183902
S_1003371,150534 133819 161218 95145 107397 5049 55288 64614 81342 110112
S_1003475,49841 16551 26219 168163 109802 103543 176737 148604 162790 2380
S_1003476,152475 94004 160907 127065 137469 98912 149276 133785 166197 10832
S_1003477,138938 178324 173506 181860 75503 101720 154910 27720 151240 129224
S_1003480,173411 36161 131252 122496 116981 128086 98720 123260 51939 166229
S_1003481,37450 40104 117689 172482 153474 187374 119351 107772 77181 124792
S_1003488,124441 51609 144934 11064 178324 171857 108799 11432 172205 101557
S_1003496,100589 104574 163609 2438 160578 33230 69220 100032 113766 21637
S_1003497,117883 80219 19045 147670 13503 89086 124038 1657 85946 90500
S_1003499,151742 65402 181539 177976 68272 10862 58474 52095 121162 5336
S_1003504,11504 130111 161267 62834 1708 11267 12025 53989 52627 45154
S_1003506,15650 115117 154756 98434 147794 134161 103127 180093 103245 9849
S_1003519,129452 164709 130262 157837 10695 162351 6064 180282 43154 136091
S_1003523,21876 50751 110508 127697 68798 102568 70480 180786 113571 57483
S_1003527,164845 32525 51312 128478 76365 116867 137188 39240 180395 42616
S_1003532,176507 131128 163357 64787 129781 20218 171293 139519 159208 50607
S_1003533,48911 4673 31997 52873 32830 149893 71162 56637 1352 165842
S_1003536,119278 26683 151191 93014 100002 87172 69750 130643 26382 9777
S_1003537,165538 109443 100560 161906 56201 13228 123299 109886 115411 35812
S_1003541,8228 152969 172081 85066 151672 149893 99865 138665 61698 20556
S_1003546,146376 12194 32383 174061 104869 156294 162057 107688 156830 103307
S_1003558,156483 43603 169792 59750 47708 24876 157272 139569 29488 146209
S_1003564,88211 181184 153807 45805 178156 76617 135592 150325 35348 450
S_1003567,19678 62729 104558 180197 45154 11918 107688 142927 4942 48383
S_1003569,3404 80266 111291 85358 1647 111973 130412 148758 68483 10096
S_1003576,74281 42511 1181 149640 149995 64413 79733 7688 104152 9509
S_1003593,122230 7363 59764 59295 83527 175036 10037 85054 89436 154997
S_1003596,51048 181928 118708 19610 119501 171435 70623 2163 103019 52349
S_1003597,185876 20541 112869 144794 164662 141872 35806 6617 127210 69501
S_1003614,158233 177090 148908 74019 174104 88712 34999 163287 97673 6272
S_1003624,60643 95202 32471 28842 1079 12340 184515 118536 21330 81019
S_1003627,159025 30768 48860 19296 36113 27166 166461 182533 139294 153832
S_1003634,186204 165430 164763 158407 38428 86087 164252 37507 129521 148544
S_1003650,163859 152475 18612 52126 114043 182551 41327 140962 52930 148478
S_1003652,23085 36806 168466 93803 108434 55454 24274 179445 17552 183236
S_1003653,22635 38171 49098 80105 90674 175444 71463 64913 33000 40528
S_1003655,66666 37070 155524 4412 99433 139651 82254 58730 122289 67830
S_1003658,79682 80817 88300 93527 87522 16569 129109 179959 181655 60095
S_1003668,29087 162993 7644 106040 73363 64232 60775 125524 178825 178799
S_1003671,8870 172813 171248 15356 120156 184933 175297 141200 147608 148159
S_1003673,34342 54694 18831 114133 71903 150360 15663 126312 54807 143825
S_1003674,80251 108379 79048 104070 173870 105687 84020 176562 84173 65626
S_1003676,84655 161824 160140 51148 7562 171780 116859 143216 9006 104452
S_1003677,61621 134436 182187 37958 8756 60735 159022 82908 102162 25141
S_1003679,139591 29835 66384 106327 27891 30055 29313 71019 106132 140561
S_1003682,114305 152928 76354 86526 151050 9639 26785 59304 161976 105706
S_1003683,56000 77976 53129 137473 86202 87756 163545 3651 26001 162726
S_1003687,178059 1258 21633 14341 104347 171684 141337 151449 105646 38244
S_1003703,155896 131403 12761 46745 62900 66772 80927 72859 170847 96864
S_1003705,47571 4488 5700 137553 94858 150043 104710 101112 163056 82997
S_1003706,9122 146659 150058 34405 50485 181546 65505 123519 68910 83076
S_1003707,34459 21731 75504 173485 161667 182187 133040 62727 184099 143103
S_1003717,129962 148450 55673 87532 31728 187331 43284 179762 179037 140831
S_1003718,93435 142400 172128 90466 156380 52021 103300 42729 157561 35928
S_1003719,102354 112858 157905 84872 91160 66007 27626 69328 123204 4965
S_1003720,75133 69411 152525 145355 140537 18379 7308 186372 166413 40022
S_1003724,43292 62114 175708 183103 115950 8481 59413 121933 69393 144978
S_1003725,34588 47714 26219 97528 102713 183557 17979 167039 28323 22419
S_1003726,116144 49939 95989 109826 27235 40031 116420 172729 144552 101445
S_1003728,29835 1239 187071 24892 136188 94969 181572 130224 43490 7215
S_1003734,98584 153599 71142 28017 146951 15185 90708 178982 42709 115918
S_1003745,144298 111288 120745 125957 38443 105889 144161 31800 18044 107484
S_1004386,139770 117427 1875 105275 43289 70873 153809 180778 165707 140513
S_1004406,150108 134329 26758 92404 181101 31087 132437 38702 108180 169207
S_1004407,12276 64076 4904 27626 89818 59302 66007 90964 112560 106916
S_1004414,90340 65402 177942 75967 32959 68272 15071 5336 14371 173943
S_1004422,150833 2430 27986 148818 2693 160834 82078 69984 79970 134153
S_1004425,30779 93335 62116 17937 39597 140819 17606 39106 63306 158708
S_1004426,177942 57611 94389 58291 54933 104710 123690 52997 114077 114043
S_1004434,139451 98424 41660 69082 33285 29641 106990 32861 157800 31565
S_1004437,109511 111051 186198 89906 178095 152943 127485 177385 15071 63636
S_1004438,28152 169541 137929 94955 1651 179461 161803 2723 50748 148513
S_1004447,163020 164200 161353 32238 44151 80554 172216 81141 30686 19557
S_1004451,103127 1279 83838 162524 64437 125025 167934 40144 171057 47736
S_1004459,144520 81200 10982 70085 86296 100577 67972 55912 171836 102163
S_1004463,113607 93890 131705 96639 54632 85820 104869 139451 125089 156280
S_1004465,40675 16765 65626 97849 49531 84140 166719 47822 17542 153994
S_1004467,23486 170907 58832 122711 22428 156047 108035 126024 26845 61238
S_1004468,97661 51931 152267 3404 21275 175217 111291 19894 143098 153628
S_1004471,176344 87496 168373 51820 32223 86048 17002 100890 121405 167535
S_1004472,25567 39583 67047 8662 187025 90215 140333 53660 87344 111880
S_1004475,184526 107329 10753 147058 39358 23515 82029 128728 136947 95989
S_1004476,33221 122496 64574 43941 35844 177499 63667 144105 161463 108356
S_1004481,79453 18555 21171 53482 141290 150502 141224 156506 187692 41316
S_1004497,183303 180770 14898 68673 48024 63863 123424 113831 162910 94350
S_1006398,48710 45742 184143 110716 34178 40254 157675 35052 120645 116197
S_1006399,116053 57870 145052 56073 80788 32655 138827 64865 12059 109785
S_1006403,168829 31100 95989 85401 141340 72706 60554 177458 40031 22035
S_1006411,168611 45100 166972 135101 162224 137598 160086 125708 38913 181557
S_1006413,118235 179268 152262 131900 115165 90292 93436 127220 163755 89472
S_1006417,104262 159321 96953 161326 48879 66309 167559 82848 70230 110995
S_1006427,1896 167508 140654 68913 174094 105548 81954 181479 88905 128917
S_1006429,78636 155437 109436 52686 5336 184639 158233 106054 65402 107935
S_1006435,150628 96685 133311 185622 149985 2745 61450 177342 84103 64849
S_1006449,20173 15070 95374 5700 47571 137553 121562 112661 51752 134210
S_1006450,108554 148071 127972 45009 137977 91879 168942 39599 126305 184800
S_1006458,97721 56888 24443 62910 62122 117065 152197 94269 81920 138871
S_1006459,50035 41012 80266 168060 40806 111428 122874 67290 169105 100409
S_1006462,131784 100203 90279 44629 136895 28638 178781 82956 89090 40733
S_1006464,93890 113607 104869 135794 2648 96639 80188 103307 160002 131705
S_1006465,53904 78135 59372 176252 59687 2566 175241 115052 121136 107334
S_1006468,164188 73356 166694 21676 32805 163408 30161 68835 167488 52168
S_1006478,91165 138148 179190 120759 178727 158767 54742 55537 75373 137445
S_1006479,132294 114273 122155 65956 127711 39307 79946 184758 91703 57027
S_1006506,156995 78184 11736 22823 86668 145926 137678 14126 114590 143043
S_1006513,91873 76106 125015 6675 147969 28985 18746 62116 60536 106642
S_1006515,88294 103543 2380 88331 4201 85037 141044 145477 168163 68873
S_1006521,52021 11460 157561 156380 6853 2271 125714 65063 101525 93435
S_1006628,178274 44548 66922 42516 51689 24449 11768 127821 79717 5555
S_1006631,138632 143047 116344 140125 107580 120449 13134 89486 58671 137189
S_1006633,86492 85037 34374 144414 71169 16551 47998 49594 43771 49841
S_1006644,108328 75766 92654 33020 165455 181590 97091 94636 174900 56948
S_1006647,176537 32120 163326 79039 165669 22153 108730 77807 8625 142349
S_1006648,45584 38846 11285 23945 166461 10750 140205 3297 187607 186387
S_1006650,133613 110995 33732 111687 63551 88785 68750 135770 62665 101167
S_1006654,76167 177976 121162 33920 131533 131667 151742 22153 37553 173943
S_1006664,161652 3207 187324 127892 34137 157241 24823 2865 183829 7846
S_1006665,113911 33732 128226 55818 30078 36678 133613 143168 82553 167840
S_1006673,177538 7541 40320 90807 87060 184696 153472 874 172918 179342
S_1006678,21069 93537 63653 17283 81886 60109 104198 17222 87946 164407
S_1006699,65497 131782 54961 171766 162758 50580 92915 102662 87759 126500
S_1006704,168644 136530 82654 108157 178842 54742 143541 130218 7504 61327
S_1006713,101349 110253 39174 142466 148758 155827 238 118765 29202 27207
S_1006719,97422 80171 160981 92604 39765 59381 168178 51337 159782 171210
S_1006729,140893 19312 138944 185029 124745 29520 103806 145163 59724 131445
S_1006746,101382 98570 17159 174253 41633 90157 1590 153012 7036 164406
S_1006747,54933 42840 45858 53961 119122 179669 41854 171278 114077 121162
S_1006749,25804 140823 131647 127011 142897 156380 106916 150043 64802 140699
S_1008359,76284 14710 21734 159546 104487 60967 11813 24779 97192 144092
S_1008424,164098 72053 133793 60978 15028 96717 82328 82162 99971 59548
S_1008496,32512 51148 97673 9469 46647 48656 53604 126071 172058 27726
S_1008570,116869 125745 41872 47126 36860 80830 33285 69082 120856 44001
S_1008571,5807 50607 34920 75504 42338 99671 103150 131281 112190 34413
S_1008657,16337 48914 157241 187589 179143 155660 64783 181671 167399 98700
S_100893,88380 108434 70421 93803 100130 113567 31496 36806 127102 23085
S_100894,185570 9705 163687 44039 19166 182926 11838 79879 96567 147826
S_100896,49231 144962 65717 71162 169959 25925 90313 5738 142956 129876
S_100898,53619 50595 177041 127454 142631 43952 22909 96963 182580 98983
S_100902,66214 162477 186973 92870 45819 101615 159558 86758 184462 106202
S_100909,142219 28699 102834 163528 48054 17759 56848 5023 85488 17229
S_100912,110397 11175 93531 51689 181655 129859 13405 5245 96573 60643
S_100923,22259 62716 163519 124198 56595 78642 165625 145943 171777 64094
S_100925,52627 111291 51931 21152 19326 29202 68483 11504 112525 41030
S_100934,86431 161583 124604 172208 167788 31087 20110 77536 73249 133330
S_100938,114778 49878 54313 179416 86651 102190 180350 174900 126793 31859
S_100940,123408 22456 63282 51211 27891 73566 53417 11414 42472 8471
S_100941,76495 120897 136130 45875 124787 88867 79087 180684 24889 38985
S_100943,183681 11605 24653 17833 96573 127756 70797 19634 137382 24579
S_100945,22314 33083 32805 71817 165603 150628 15426 36806 215 121940
S_100947,75680 116344 187156 8662 103806 4206 125585 82529 155713 12433
S_100951,49603 147987 149451 7145 87249 16145 168660 122946 151937 111554
S_100954,24653 137382 151565 26845 96573 131285 36060 17833 142343 11605
S_100959,89890 53354 120166 172262 153186 96163 113526 36309 173361 12241
S_100960,105235 61208 171091 113416 100468 172295 99881 153275 153216 85345
S_100961,163384 185837 11639 109524 116175 67581 144992 166922 104158 114209
S_100975,97050 162881 49063 136760 134161 33597 160467 2897 94194 98434
S_100976,174513 186834 106942 38487 4893 133721 159116 23177 175673 85860
S_100978,65864 57589 171197 157253 181952 166833 56358 4817 69266 93931
S_100983,16105 38636 11791 108823 145402 889 78893 77342 108221 8818
S_100986,138918 184865 49607 119084 5480 169147 77960 132041 102100 90541
S_100997,179892 142067 160071 60407 47205 143868 67914 44590 127862 177530
S_101004,7945 27891 128052 93726 40324 84825 84239 129109 154021 50050
S_101008,30127 46261 60979 86704 39358 102093 33857 16832 31941 54272
S_101011,5168 61298 22799 115057 30435 11387 175889 37271 153252 92717
S_101014,82984 71614 121740 47936 124144 125957 162567 151396 113186 31800
S_101015,20973 154063 95813 37087 116034 83183 106345 156463 161525 60539
S_101018,67296 162816 15596 33732 88712 6207 186210 158233 122679 96493
S_101025,82245 60041 151589 88712 107593 166145 74019 67296 130104 156941
S_101042,104866 52011 130565 92237 56933 30321 91274 133676 45799 49144
S_101049,47364 4769 62393 117427 22635 17159 106245 121019 175581 103943
S_101059,76770 61475 33749 4503 38087 182299 178421 14436 85984 66668
S_101061,133380 104431 176537 173254 16619 22751 158497 65402 133229 163326
S_101065,125893 149781 10181 145535 77660 177217 140984 87846 166822 74861
S_101075,4592 170866 76858 187122 10635 106645 178104 115726 91981 91818
S_101083,64418 22064 10202 108707 90942 42185 145422 29040 74693 27050
S_1011054,608 186981 145028 87570 84602 147496 156510 21611 21711 124932
S_1011068,163851 55692 124011 136882 103491 155138 167695 102859 73736 108109
S_1011071,64884 36539 172097 11241 120314 8 81427 20967 50239 32863
S_1011077,79453 179778 67515 25786 84552 168875 69456 5757 105974 166333
S_1011078,49063 172342 97050 167644 63513 58182 48284 163939 43862 98434
S_1011085,107688 157946 19678 162561 6875 32378 48383 11918 65240 24528
S_1011090,7728 130342 149501 43982 155058 159045 69969 16352 114012 135011
S_1011092,120328 54068 30771 136272 49340 142349 72543 40832 89771 168954
S_1011100,140811 71237 43915 124011 131238 20876 95262 43620 39217 163851
S_1011101,108625 32363 93995 16956 180718 150607 56049 76063 64319 121082
S_1011113,53961 14371 54933 92720 177942 50669 52997 94389 104710 115771
S_1011114,19143 98785 46888 117237 48676 55215 55566 139363 76274 120084
S_1011122,33857 62251 40818 126936 118368 9533 81997 46589 14308 185972
S_1011124,89085 125506 148535 61581 131104 151085 48528 8848 146035 84261
S_1011129,77758 183808 24764 159105 171927 42 64141 162670 60554 150432
S_1011133,159693 109117 110864 68667 160102 112150 84726 90238 77811 184355
S_1011144,173094 69244 177661 94072 7733 173403 43600 55744 58075 149447
S_1011151,154900 7284 48263 136530 51759 3782 119600 130218 5979 96703
S_1011155,24232 63405 141135 148219 45468 59769 180618 79280 104893 103773
S_1011168,107762 172462 76408 27109 87636 94942 135004 59581 140242 114211
S_1011170,184500 185001 176823 125768 13576 142927 78142 93186 64094 25110
S_1011183,181952 117389 40548 159713 108109 135439 183806 7607 450 12578
S_1011189,55093 16832 53735 64618 182051 145943 113294 62003 76080 124256
S_1011197,58884 168090 64441 140805 41176 113175 83715 141936 171248 146100
S_1011207,38051 116779 32794 94730 46419 181087 61698 124468 78124 182130
S_1011213,184931 19852 18223 178542 128354 2897 2634 99638 66656 148108
S_1011221,15400 42969 55967 44174 163208 62190 134988 172242 3105 121651
S_1011502,87443 40890 82756 141032 17428 54107 21704 19012 178139 148056
S_1011504,81218 146191 58940 63366 139956 77668 110624 91928 81560 1023
S_1011506,63296 59834 159341 78331 154405 61890 115614 45856 144428 133359
S_1011513,17981 32530 37425 131322 160041 53592 170315 78766 97528 34588
S_1011514,8441 124429 174461 168682 128337 135749 184524 74144 158894 109387
S_1011515,87636 107762 140242 20425 134925 33421 142005 42031 99056 68461
S_1011522,142403 157129 12241 111200 45486 29077 107736 154341 30267 18867
S_1011524,133785 166197 96217 177385 127485 167606 15395 15747 150250 10832
S_1011528,53592 145477 176737 26219 97941 19203 156830 155778 171452 168163
S_1011532,100579 76080 53735 49918 26404 144751 71837 115918 9610 47097
S_1011533,124701 88158 133229 124102 12761 76327 50461 69351 132708 128576
S_1011550,102618 4627 105309 26050 180607 11605 62001 147590 82029 53735
S_1011562,121800 80554 15000 143738 88460 181798 130904 159388 182091 85052
S_1011565,28142 156877 80297 114967 94405 95757 69913 134673 63489 77722
S_1011566,95320 65786 103629 171275 1086 46039 102035 114871 151096 29685
S_1011585,150380 145100 10402 52402 163859 138165 77379 179669 157215 92392
S_1011592,131705 113607 63636 93890 2648 156830 68027 85820 133311 450
S_1011593,148004 78263 116389 131834 123068 55047 114614 111890 147276 54204
S_1011595,95111 115797 150058 16310 113021 173218 14923 55011 111821 44053
S_1011601,53296 18220 48516 9620 32766 6074 69638 19109 138005 185474
S_1011613,165679 93537 134880 45780 21069 122085 17283 89803 135390 90017
S_1011632,93288 107347 161889 133104 172397 40733 144204 107955 132002 65527
S_1011633,95443 44572 172251 116670 35401 184422 57921 101971 131540 86919
S_1011634,80188 171298 85791 68686 77488 160002 135221 5572 27314 93890
S_1011643,1542 173441 151977 76853 162670 38983 30768 24455 19653 55021
S_1011659,40118 182251 42087 142095 137161 121498 37143 29164 51104 111761
S_1011687,13167 36567 48144 21876 64618 146990 143448 127697 131868 83843
S_1011691,37020 136464 39859 32525 176022 137393 60326 164845 121237 148168
S_1011696,69220 97145 107145 80105 171857 43935 43567 149172 85284 77584
S_1011699,169885 88944 9009 123538 8191 96902 62766 94178 12944 137965
S_1011711,6207 13871 120841 53060 124329 84646 13946 120075 15596 107593
S_1012472,80821 148446 165385 111259 74907 68129 22915 178009 38689 178167
S_1012473,2315 179108 27631 116278 134673 69913 170501 154560 156877 90280
S_1012483,145753 139250 11711 100002 69750 16334 30815 124798 86057 130643
S_1012484,57924 66623 22129 105717 48676 16437 137303 89678 40131 24899
S_1012487,162704 32844 78386 54772 59674 164470 135231 153536 128768 116453
S_1012491,119989 80489 64175 66944 9856 136297 9629 181202 89346 158063
S_1012496,93563 185831 72256 82371 123438 39253 27329 4056 70424 30086
S_1012506,148046 85889 173943 131667 113897 150380 177976 173082 36122 18484
S_1012512,39574 167874 31677 49501 157218 42185 113939 187461 5120 164815
S_1012513,152693 153924 106327 27891 116779 123408 7744 138948 120955 82654
S_1012521,162790 76066 134505 24037 16498 140634 101654 88066 58358 149276
S_1012522,58302 46247 28139 102189 31149 109119 28070 13844 187071 65965
S_1012525,96227 89119 83664 173195 137575 152035 103398 124553 28639 91375
S_1012535,146500 167358 164554 111259 106981 60541 123735 80821 82292 184225
S_1012538,84962 166720 16769 165231 17794 185617 149475 8409 73309 154596
S_1012541,14786 111463 77087 53858 40937 164241 105546 58128 178307 15588
S_1012545,119239 155096 25110 142927 184500 104809 125768 178096 121475 116490
S_1012548,8879 57442 144269 166903 39342 31548 28787 46873 118194 78156
S_1012552,118039 7585 183395 33233 6072 185260 94546 60393 24406 169201
S_1012557,21311 28056 162527 97710 177046 107548 158104 3904 54332 40250
S_1012559,111737 18061 71492 51891 125641 62409 22797 101650 114167 58191
S_1012567,175764 132730 130149 105957 24458 181639 186691 165191 4599 45115
S_1012571,87999 121201 136404 125841 8457 121673 150665 153770 151050 15674
S_1012592,39405 14650 109523 154107 163533 85988 130508 168846 84835 173347
S_1012606,130412 132221 148006 62185 3404 1647 11411 63634 19191 55025
S_1012608,161430 78356 171354 125745 148333 37042 65373 68027 1708 137005
S_1012616,6629 112466 99971 146141 49816 4947 23945 117691 165642 41446
S_1012619,44288 88883 88503 84451 24167 159713 104392 1079 94198 113526
S_1012644,82687 23675 157880 108019 52392 121029 504 116076 127400 30766
S_101391,131705 113607 63636 41633 93890 125089 68027 104869 2648 450
S_101392,120793 24631 54767 148692 74653 20667 26948 25340 42173 70610
S_101393,116355 140851 14999 20953 36567 16006 145943 159627 146990 48144
S_101394,180478 77140 179327 99544 8647 148138 25271 85880 152484 139434
S_101395,86668 14126 156995 182454 22823 66656 125323 19179 67766 22394
S_101396,77488 71338 80188 63903 9460 23445 63739 91995 39256 155148
S_101397,121038 185734 38151 94446 129973 10959 94996 174195 93328 134675
S_101399,7284 48263 2700 124864 162933 119600 174996 172010 154900 145371
S_101405,154532 127813 98714 16879 128332 47922 127835 5245 26511 140074
S_1014145,180343 52100 32156 182920 101103 109481 47032 140710 165644 155297
S_1014148,169046 117951 20896 122535 23687 12478 111641 154562 181169 84203
S_1014153,116490 155096 125768 61533 13572 119239 76857 82908 142239 184500
S_1014154,23854 177516 129195 70440 46905 18044 114006 101348 66095 49438
S_1014161,159199 7688 153336 111259 91022 88683 46174 57678 79717 32961
S_1014164,181570 5312 94213 67400 171814 179438 138224 135622 141591 1099
S_1014168,42289 122679 132133 88489 158233 88712 149964 143519 173736 90859
S_1014169,63074 85394 19339 63499 94625 28258 180920 135492 39299 77800
S_1014170,60794 27891 171263 153247 23838 146372 176734 84825 160122 151714
S_1014173,98140 108379 65626 162708 137553 73779 84020 171452 166079 104070
S_1014181,217 163852 177382 94664 23845 141889 96021 44061 177358 9747
S_1014185,184627 9239 1856 177920 172200 173365 128843 67382 128011 59532
S_1014189,114074 813 87651 27187 184640 130660 187379 25385 55484 3870
S_1014192,138931 158571 7494 41883 125889 177586 110381 117416 60380 112679
S_1014204,74314 137265 182251 102146 115975 57100 66687 133502 107706 179201
S_1014210,101454 187255 126957 84948 78364 6460 139555 134673 109040 56933
S_1014211,56948 150979 104641 106550 176069 12854 37551 98821 55474 43568
S_1014216,90964 16242 78351 96573 79425 19634 157905 116076 61556 25936
S_1014219,177339 95757 44806 80297 94405 27631 114967 36434 68347 20778
S_1014223,180439 102107 44882 183105 175892 159706 35514 71271 107570 5246
S_1014233,169252 144467 126098 162053 83984 8638 170872 124387 82969 125452
S_1014234,104070 100938 108379 162708 92989 145972 187548 116690 173870 111832
S_1014239,62130 145578 14391 125168 33440 61896 13614 111587 124827 131930
S_1014242,138032 166601 4314 73771 60797 163769 28839 110588 8718 114614
S_1014246,125556 158497 168390 155483 10181 149781 185997 44068 157699 17989
S_1014247,179503 65223 156083 148563 110853 19852 12040 75133 182929 23564
S_101425,142263 10181 37629 97772 57736 167254 104575 58214 108799 31701
S_1014258,59040 141610 83838 87651 184640 15962 103127 25385 117917 130224
S_1014261,128449 45949 53142 33673 43188 148535 30634 24720 8848 44135
S_1014265,104773 31744 101886 87563 150906 105338 69513 72570 166642 150179
S_1014269,6201 139506 11605 154023 100980 162159 137382 173343 92674 167242
S_1014271,183769 5949 66841 33233 142464 9310 90469 18099 135747 89532
S_1014272,33732 67296 167559 76373 71663 6207 52909 166129 43621 77705
S_1014274,59702 33013 109618 3070 23666 122711 3782 89262 173254 177219
S_1014287,96163 113526 127670 27201 7737 89890 140240 157129 12241 103517
S_1014290,111941 95883 162561 158607 36628 93848 143928 85791 180429 34261
S_1014303,29835 24892 130224 139591 6777 70305 136188 7215 187071 1239
S_1014319,130015 146089 9009 96382 100512 136615 92374 178624 151416 147953
S_1014321,116549 9003 52658 75504 153216 134436 15881 163964 182340 42219
S_101434,81311 97941 107678 24037 34588 24017 115764 186861 132782 42907
S_101439,108819 146882 29095 176253 138755 33440 135449 49393 22591 72193
S_101441,122092 77536 40460 176637 113766 171857 62001 66697 106092 113988
S_101442,111481 62169 176098 160473 106929 14464 46837 72959 61701 15962
S_101448,108323 105950 7744 53928 110062 9808 91072 84552 23755 110207
S_101449,102818 170916 56485 150058 37056 172908 121040 51173 130945 60033
S_101455,179560 157067 813 154756 36714 27187 141610 101856 103127 114074
S_101457,173261 21957 24117 105275 36106 123130 162939 181711 172144 21730
S_101462,17513 179652 62342 9161 38689 67739 94566 17802 38636 100647
S_101468,108383 143245 152342 97947 171701 46655 64969 64085 140150 61289
S_1014728,11813 42108 152084 65584 649 60274 165912 174573 157469 176184
S_1014729,24286 63931 40635 165498 17950 69252 85173 39312 174104 181202
S_1014732,62474 83931 149453 79560 171774 89951 79007 171210 11064 7824
S_1014736,171629 36277 89789 185089 162896 141571 169695 11916 25252 184267
S_1014742,176017 88056 12382 59777 7697 117975 175241 91166 15257 95794
S_1014744,127128 131426 14240 126573 7203 86268 182454 37018 39105 181216
S_1014759,177064 139650 175444 80105 38171 150904 102434 62481 58473 91633
S_1014779,143870 174997 14898 86004 151756 11881 86758 97387 96849 126738
S_1014808,186949 146274 43984 95853 68873 74548 37628 150779 85604 175434
S_1014810,185903 179567 14123 15600 163789 27314 154216 146800 23750 107003
S_1014814,100524 93227 20624 51644 185887 47703 152407 179041 78067 133818
S_1014820,111029 158894 10530 118932 168256 135749 74144 102178 84239 165979
S_1014829,141936 92585 133317 99230 144934 146100 8576 92549 65355 36968
S_101483,105974 20081 76343 59138 137189 137091 156506 32619 67101 94875
S_1014831,63405 81200 24232 133377 141135 45468 134789 85807 14898 79280
S_1014835,175852 143750 182532 51516 84026 29140 42 154596 127267 39701
S_1014842,144773 156609 16334 110094 18124 132784 78913 65013 51103 11246
S_1014848,56558 186412 134673 121038 103245 27901 152277 123408 176922 60297
S_1014851,127980 174813 36687 38151 60870 178510 15559 10642 14417 186613
S_1014858,79289 141930 87866 76179 169810 86667 74463 120856 121812 20497
S_1014869,34261 111941 183893 171673 150962 158362 90586 90215 30308 157946
S_1014878,89966 156678 34206 74190 104017 154466 151095 30533 156524 157911
S_101488,4376 135780 93257 139169 148640 169885 82995 13385 133540 122302
S_1014904,145465 153426 147987 93726 136619 8441 3157 83664 162603 132142
S_1014918,22635 26050 49439 17159 121019 47364 4769 38078 164406 158003
S_1014920,38708 115767 106981 100701 79022 60715 2294 122535 159404 128461
S_1014925,6207 11125 120841 67296 150637 132133 76373 21843 36476 33732
S_101501,109414 46638 16551 45909 144414 79560 42605 102713 103543 88294
S_101503,101487 81421 29666 20501 121029 114279 130750 179470 78039 48144
S_101506,174704 47778 119024 4899 148225 84225 106339 56728 83801 39183
S_101520,5330 84805 62835 24528 47244 58750 77127 129648 50610 105564
S_101523,160344 168121 166301 176364 141239 89272 154063 32655 99498 53663
S_101525,180148 147892 144234 44670 143114 163206 141287 63493 60115 61450
S_101560,129109 165849 186026 128052 7945 51759 54961 144712 27891 181028
S_101562,161810 132733 85488 138098 130688 85508 168991 142219 79760 154743
S_101566,32796 116462 11411 31891 159948 37004 121802 71875 37730 46644
S_101569,151565 139506 92674 173343 137382 7585 11605 167242 142343 24653
S_101577,110937 57870 145052 176626 80788 110138 109785 52426 67102 135122
S_101593,18449 3100 39343 86543 90884 122198 159519 185874 116706 126130
S_101595,80188 85791 171298 77488 68686 160002 93890 12194 21794 34137
S_1016131,141853 132548 38612 130890 69020 123069 113223 113242 113216 136143
S_1016139,171057 54424 54222 80138 77976 82396 114590 113934 148108 169468
S_1016140,38706 16042 48344 47218 124666 150223 25385 106929 62169 68740
S_1016146,131284 63031 26567 113496 172203 77199 36460 33362 20176 26761
S_1016147,9280 37412 63903 15962 15306 139078 7145 49603 3637 163837
S_1016154,17885 4352 56832 164359 16149 181981 84909 56933 154551 49766
S_1016155,54222 54424 64041 125947 103669 171057 82396 169468 80138 22394
S_1016158,168406 89317 34903 44196 120329 182841 84238 53853 166588 31267
S_1016159,155727 31991 31089 152897 15645 64762 116690 45953 99963 60847
S_1016160,8191 169168 101899 41528 1775 131948 184098 81889 123538 183664
S_1016172,11173 32183 789 164406 26230 144412 35471 126871 79258 101041
S_1016173,102327 118553 74604 1600 44735 62953 19600 558 91438 102666
S_1016179,77671 113021 6809 25493 116670 49002 162270 32441 93589 178492
S_1016181,85072 23047 22246 42028 150866 118806 174993 107901 175857 168424
S_1016184,80933 70565 52156 77966 10466 111061 149038 144333 138639 97380
S_1016205,92674 151565 167242 162159 6201 139506 161946 173343 11605 137382
S_1016210,149038 10827 10466 70565 90470 119546 83827 138639 37727 41466
S_1016214,1708 150797 111291 143098 165912 11504 175217 167310 53743 89317
S_1016215,130629 23580 120553 152720 112458 178975 159054 147520 119494 85573
S_1016222,63712 17018 7114 121829 74376 182778 122596 39983 53675 97361
S_1016225,112904 123492 156047 21323 168933 150343 31256 45485 123204 136998
S_1016236,157143 183106 36186 64810 115764 121331 80900 20667 158600 81280
S_1016242,24037 162790 58358 81311 70873 88066 132782 149276 164424 157668
S_1016252,79967 131389 85328 132860 167606 123158 6821 78052 169449 58731
S_1016270,128924 10274 90363 50707 113571 63880 127697 179540 114183 131304
S_1016272,81004 67337 19427 116076 39616 929 114665 11687 88546 159372
S_1016286,185881 28961 30308 113086 6977 37151 174600 20820 151634 135269
S_1016305,89817 105889 119258 7846 162025 23085 130708 158265 39310 92404
S_1016310,71286 96178 26785 101292 56007 3695 139747 129866 48991 269
S_1016313,133479 144046 37266 60708 168204 42874 174104 72769 116878 85296
S_1016314,162924 46569 163789 11234 57915 43974 31724 72301 74430 90073
S_1016315,60617 95393 115727 122015 7437 78769 28900 73969 26747 170864
S_1016316,85394 94625 135492 166241 145833 99199 20813 40352 148604 43392
S_1016497,32554 89272 9714 166301 153226 182335 37087 47386 80413 181629
S_1016499,8013 111484 49320 42028 31335 153127 150866 187025 22246 85072
S_1016504,111051 9264 89906 44815 132871 43090 125825 12908 63172 149276
S_1016505,42512 43870 165880 172440 29407 70949 136297 9840 173662 167862
S_1016507,6207 43621 150637 160462 67296 108459 167559 35181 96226 76373
S_1016513,168841 51698 151549 157129 67083 153335 91803 50264 130608 12854
S_1016518,110318 131303 52946 68241 105528 136915 31378 97061 118665 100845
S_1016523,58241 45730 23672 56606 93238 36026 130371 176082 164626 5882
S_1016531,35227 22521 158787 162758 33593 22259 93531 100743 102497 2271
S_1016534,186582 124584 112116 119708 176566 38841 91519 165966 33292 30590
S_1016538,118924 182654 72918 60142 5622 77528 130132 184350 91258 89262
S_1016540,65053 116815 80617 57443 70721 8313 23687 176782 120691 49263
S_1016541,60821 138165 150467 74426 159145 117685 149782 109230 150380 26698
S_1016545,12892 6298 100905 129622 36792 16498 54539 106885 139444 167649
S_1016553,179438 135622 47658 64145 181570 138224 182395 94213 5312 154302
S_1016554,61208 105235 41694 99881 100468 13230 156155 184848 41384 153216
S_1016555,146137 32698 172589 152104 28262 58182 122273 81737 52332 103859
S_1016560,109436 150467 12814 4769 122973 117685 47364 116779 90157 61556
S_1016562,71399 102512 185303 84101 87766 118665 184873 160076 97339 74448
S_1016563,24377 174708 34674 31335 73410 162458 68462 125195 141554 35045
S_1016568,141930 87866 130452 79289 180172 122085 13986 121087 150325 143738
S_1016569,175131 11195 28805 16510 112943 52761 146305 44717 11178 28659
S_1016578,3550 46264 88503 76243 150965 177892 171673 172520 35664 27050
S_1016587,47460 170017 117360 80211 174502 1362 164923 121881 114837 169241
S_1016589,63859 86578 186122 85668 133451 161846 83536 133758 147700 156948
S_1016599,36351 129732 144655 162047 53858 65965 178307 46247 115117 47736
S_1016608,162926 121679 26462 33929 3055 59965 128153 59543 2735 115213
S_1016615,141406 131818 109469 17351 82529 76784 43761 13970 141228 132622
S_1016627,172342 58128 94376 53858 1333 49063 124280 6401 144806 13405
S_1016647,1714 7744 47290 65379 153832 39599 59753 101006 74777 80151
S_1016803,168159 11981 172005 149555 92698 2271 135926 181572 67926 184479
S_1016805,77308 173031 108459 129601 129147 62145 183902 127522 22402 25137
S_1016809,24942 94544 57501 155159 121684 160466 46873 124835 64171 130803
S_1016811,79326 126670 3332 150097 144785 111484 17664 45403 9522 155172
S_1016822,149300 27790 72041 173771 94064 124091 9723 82392 187607 9746
S_1016824,22799 162754 151472 31891 81540 76672 153628 186654 187187 126987
S_1016829,110344 119964 93505 113742 90708 107272 21038 70841 19415 122717
S_1016835,64418 10202 22064 145422 108707 42185 36309 90942 42085 74693
S_1016836,158568 57199 182245 87020 46744 133071 46036 144161 187579 60884
S_1016837,91252 161273 92214 172215 143870 122476 85420 126602 80647 59981
S_1016840,98331 71761 28511 46670 69101 98600 58048 35033 109731 13234
S_1016842,170872 165468 103064 120295 22157 100659 93831 109468 173154 152639
S_1016845,124125 121751 4309 64739 30528 138347 75083 56617 130769 154948
S_1016851,130565 186158 40420 104866 45799 49144 94535 105624 175407 6165
S_1016853,22259 62716 56595 124198 78642 171777 163519 39537 93802 135125
S_1016856,185881 28961 30308 151634 27842 135269 20820 113086 6977 35533
S_1016865,145176 116412 24892 70192 16638 147204 163545 125836 79572 141261
S_1016867,180786 50751 29492 70714 61627 21876 68798 146295 70480 128501
S_1016875,90543 45809 63530 61162 156941 38931 163996 44744 609 103157
S_1016877,78087 7386 16268 55770 60772 132142 130445 156953 13005 42056
S_1016883,7915 115858 42149 157719 173464 48546 106214 26643 117810 116954
S_1016886,173094 53088 111796 94072 69244 180453 107751 177661 175636 153497
S_1016893,46233 152803 91806 33034 121832 70740 38126 35164 12428 89884
S_1016896,114002 88013 28785 45154 8343 11918 182417 77140 158607 67102
S_1016901,99105 22521 45687 127254 113433 117939 149495 144234 56269 164663
S_1016902,8820 166079 137553 43771 155778 148292 15070 98140 82913 85820
S_1016905,121232 23580 171523 148669 29375 82645 73140 5818 138593 164634
S_1016915,44862 74623 129447 14778 95883 72284 19806 80787 14164 85383
S_1016919,69393 110484 25993 109380 149291 153047 44339 108433 31116 151304
S_1016921,148111 104021 87219 151876 77842 40767 137393 84047 74529 30272
S_1016939,21769 125745 7045 115096 18794 180130 5198 60305 85807 57110
S_1016946,173292 46204 82953 3067 269 23165 143730 174452 129781 174599
S_1016948,172223 162576 29374 63903 182409 80188 85791 111941 105263 21794
S_1016954,86153 178031 53822 649 58159 21938 174517 20263 107628 65707
S_1016957,63513 58182 157741 94942 135324 49063 104666 107443 172589 105546
S_1016958,63756 91623 139569 117179 113673 166254 30338 83589 120895 100181
S_1016959,48284 165532 27187 182454 38612 69045 103127 38706 114074 84948
S_1016964,51689 87172 35749 6327 152004 133702 101004 45431 163964 51658
S_1016967,17278 86704 48941 32053 18433 118142 92237 149978 137550 18174
S_1016973,71293 50584 171841 158125 84834 178668 52389 187347 39616 77978
S_1016974,140125 42153 66186 29434 120449 173044 138632 14898 41818 37490
S_1016978,148512 140178 78544 39583 73410 35439 7709 127416 117402 50114
S_1016979,140397 162205 171902 34649 76592 35343 64276 8474 92386 67225
S_1016981,39761 103595 171785 24922 57736 114380 14018 135307 52123 47093
S_1016993,2777 32383 62343 27314 67999 25250 172581 84692 185667 9025
S_1016998,22635 26050 17159 67102 90157 149145 150467 47581 4769 47364
S_1017000,76521 130565 97681 6165 58508 12778 45799 183947 9198 142228
S_1017020,13926 169633 19306 14926 161081 34219 48860 98650 19129 126305
S_1017022,125932 41525 70763 167984 110381 59808 53683 140397 173632 85032
S_1017027,78142 185001 125768 176823 155096 142927 184500 67271 49384 107392
S_1017035,15650 98434 154756 134161 115117 103127 147794 49063 9849 117917
S_1017040,36675 161946 137382 71817 93199 166358 20973 185366 147360 108434
S_1017044,107272 62141 33169 183050 93505 182784 169914 21038 90708 96148
S_1017045,95847 4115 16006 119129 127015 2036 130514 149126 36567 135928
S_1017046,76768 108012 187705 38078 63198 183551 178651 22635 181671 162595
S_1017059,52289 38143 111350 132604 144851 8065 47529 74855 151668 129815
S_1017071,151055 57422 69293 50669 104710 121933 53961 74938 76843 116396
S_1017075,14371 177942 54933 62380 18484 5127 31148 45858 167827 113897
S_1017077,101205 40773 166461 19558 66607 77942 132970 182570 60291 87858
S_1017086,140385 11572 53499 116368 93831 187255 133385 66309 128615 106318
S_1017087,107685 6092 97281 171154 62600 26140 7731 87868 105467 136342
S_1017095,106929 813 62169 25385 111481 26805 141610 14464 173385 187379
S_1017110,38625 17089 117089 123909 58940 89888 112369 93872 93616 145700
S_1017111,76600 133478 88437 123482 34559 22153 27664 54068 52930 118549
S_1017117,175040 121162 173254 25474 32120 143197 177767 172529 174696 68234
S_1017119,14018 156667 155248 150178 101298 128476 118270 163644 86282 57773
S_1017174,136530 82654 130218 119600 181751 50050 104270 108157 181028 108773
S_1017182,130890 113216 113223 167644 130579 112848 123069 162075 141853 132548
S_1017186,84245 96273 100085 92317 38540 77884 8712 153467 121272 111631
S_1017188,100425 20619 184382 101319 157960 26169 68096 5786 136189 61397
S_1017189,112113 144234 66737 70464 163206 2666 52549 13358 117939 64893
S_1017195,155904 111832 121564 150380 108379 79048 95374 182526 15986 88671
S_1017200,46528 98864 181276 132142 37018 88610 52783 34092 138948 134183
S_1017202,165635 179993 142881 36837 8337 165391 9862 29181 182244 35464
S_1017204,177033 7577 8106 58473 118031 97772 134983 71779 32426 10181
S_1017212,76672 39486 15718 29797 95030 58312 98417 13920 85500 187187
S_1017228,52205 49756 109370 133092 43935 40460 83931 38185 79007 158179
S_1017236,122528 30200 103635 23170 111909 4903 68077 154309 20809 157992
S_1017240,88236 80643 144236 46380 138933 120855 185696 93577 2247 140856
S_1017251,24892 32084 120273 153249 114421 7470 182884 164004 64616 43621
S_1017255,29202 32978 19326 110253 56027 11267 52805 52627 111291 123015
S_1017263,166634 178783 135201 181917 7203 54313 120173 94047 55787 179416
S_1019223,149495 144234 22521 127254 113433 162923 71612 16104 64893 13358
S_1019225,166301 135889 116053 168121 32655 73349 179718 89272 44113 89262
S_1019228,127893 106871 89762 57149 23848 19669 95989 91012 148768 45000
S_1019233,92597 159541 23625 29559 123084 137441 35792 23620 157241 4769
S_1019244,16548 19306 7629 9915 143419 139944 152691 180063 55834 9911
S_1019248,91059 177515 124108 178821 164266 27415 149382 141156 186719 38862
S_1019259,163188 183947 152816 61289 102834 3442 138274 87873 90195 78242
S_1019271,18833 78292 70623 75622 1917 133101 149869 56306 81583 171523
S_1019301,121630 44386 111100 6752 7855 89566 53611 173238 145099 33920
S_1019306,91256 24579 173343 131285 73394 13975 27187 19634 107788 21323
S_1019310,11045 114641 38702 37494 18099 126040 121460 52336 76220 162025
S_1019311,141290 156506 114563 56494 79453 46751 140867 78135 18095 149101
S_1019322,122953 146951 159186 107938 90708 27408 63910 169101 177200 106966
S_1019323,171857 22635 121019 2568 178651 85260 105309 4769 121136 108012
S_1019324,89272 9714 47386 128188 109785 32554 100271 67341 158076 62449
S_1019343,103943 143754 7629 167559 51277 99865 88970 171671 7744 90936
S_1019355,88857 49636 99909 108524 35136 35073 159843 164370 15158 116912
S_1019356,62013 187277 7522 83484 14021 182416 114802 71952 137466 91113
S_1019360,86922 44629 46751 173375 183358 135550 149202 56494 127225 2430
S_1019368,32959 70994 145016 1619 161743 90340 10326 149781 25033 35141
S_1019378,185881 28961 30308 151634 27842 135269 35533 20820 113086 6977
S_1019404,118029 83198 64913 61889 21838 67382 170251 40528 64574 48341
S_1019406,84382 126080 55084 146514 385 11094 82285 133943 110167 102419
S_1019407,12638 140027 171298 68686 16498 45344 165467 107412 172581 26050
S_1019409,45191 133311 2648 182920 116417 41489 48643 80818 48078 151150
S_1019410,62716 124198 78642 64094 66840 22259 165625 145943 163519 1570
S_1019411,127396 186597 31584 64204 67083 120989 79346 106062 84451 154341
S_1019417,28870 166690 32497 131864 165826 21947 87118 172718 128580 179812
S_1019420,136619 147987 87249 149451 37412 168660 16145 70737 49603 111554
S_1019427,140027 7585 114311 93862 167242 139506 100980 30783 151115 151565
S_1019434,12638 140027 171298 68686 16498 45344 165467 107412 172581 26050
S_1019443,63204 44076 155040 174093 151306 47600 158233 130750 168919 187634
S_1019453,57044 164166 187394 8629 43163 23085 140149 44663 141883 163600
S_1019454,131489 11875 96745 96049 166194 105767 154948 37373 156189 158470
S_1019458,128639 34408 176133 4585 46904 82756 31893 110467 182844 78781
S_1019461,158367 99576 3922 55725 82191 116691 83801 184660 12306 83317
S_1019466,52011 92237 49144 56933 52025 104866 130565 16149 81563 49766
S_1019469,170703 97528 102713 87738 6933 37425 171420 17981 16551 27155
S_1019470,125641 184081 123123 5932 117576 144634 141580 85110 62437 139178
S_1019471,98675 102164 49122 2214 171857 17209 85284 49242 126180 90948
S_1019478,72791 66694 102214 165277 142542 61261 95731 145100 120948 108909
S_1019481,38612 113216 132548 27187 67710 129242 113242 141853 142509 36714
S_1019485,80251 137553 43771 101167 166079 162708 15070 108379 91909 85037
S_1019486,126100 92670 100361 145516 127333 152497 81713 154363 23092 182245
S_1019487,105157 61556 151981 152123 12908 167821 179894 174152 50157 178375
S_1019489,43969 176801 124977 81523 46963 2843 99217 109040 100193 122834
S_1019492,123492 70653 122711 77006 107788 157166 87657 128115 96583 45811
S_1019493,169147 60554 106871 105824 33857 168181 172840 177580 9834 52160
S_1019501,70540 6460 48911 60794 74637 41244 78788 35909 106264 94831
S_1019506,21402 100099 11435 137976 151537 135807 102332 123944 69946 37854
S_1019507,116727 160853 94192 10753 122229 74429 187389 40031 114533 33654
S_1019510,26185 145444 161066 51529 109380 51321 59689 6675 105408 128506
S_1019515,155404 177612 159812 120453 112017 171836 132523 62275 27966 186973
S_1019524,51299 187190 17473 78057 8226 136916 10234 105493 119938 158096
S_1019530,7166 156524 159546 66251 14710 21734 111033 76284 103085 53278
S_1019531,68740 47218 150223 66221 813 16042 161152 176098 111481 14464
S_1019537,160736 170598 3069 75622 138062 26989 155269 41142 114153 94379
S_1019539,120334 3387 125836 63833 66221 61682 23976 51549 84918 187244
S_1019542,29139 121482 128406 19096 179942 62470 86526 98671 9260 183272
S_1019544,114311 7585 11605 93862 167242 140027 176737 122973 139506 19634
S_1020435,28591 8576 128506 174331 146100 175767 142343 3654 154164 90157
S_1020440,5245 49163 110397 31881 101382 152769 51689 93531 53676 157728
S_1020455,110937 57870 176626 145052 80788 110138 109785 135122 52426 64865
S_1020457,168749 115847 134252 89096 158542 93931 114347 187332 157253 184657
S_1020461,3662 20843 90500 116526 128086 98120 18897 88686 21772 18044
S_1020463,93890 113607 104869 135794 2648 96639 80188 103307 160002 131705
S_1020468,85296 86720 60708 57443 88833 116859 39622 131342 133479 103873
S_1020475,58874 140769 31781 94734 80944 91282 64943 49373 120987 137491
S_1020485,141610 813 69405 167934 124280 25385 184640 38612 111481 16042
S_1020492,17658 98517 125594 52230 161066 71292 33673 65429 36968 275
S_1020495,85151 14611 28839 130687 60797 149842 117714 72445 62151 106573
S_1020496,43771 166079 176737 85037 71169 16551 67983 107113 145477 137553
S_1020502,106131 51071 123038 9114 44386 117458 139434 6752 179942 121630
S_1020504,42108 11813 152084 53536 97665 62834 165912 116208 150797 60274
S_1020507,85180 119351 79533 84267 77181 37450 73746 41747 148457 172482
S_1020514,175878 51103 136983 5237 56829 161009 92046 44515 60283 159863
S_1020516,173343 11605 139506 167242 137382 151565 92674 25077 162159 13975
S_1020517,159798 176226 64551 110318 94772 98158 80554 87766 163020 118665
S_1020531,61372 131533 11830 112458 177976 172494 39229 24359 41247 158927
S_1020532,173280 95200 26219 172771 104747 17633 171420 58635 165131 123258
S_1020534,135751 182910 178549 12705 26643 35422 135735 147699 72662 16986
S_1020540,172262 89890 71217 120166 145737 51129 51658 154368 53354 175821
S_1020556,9280 7145 37412 15962 63903 49603 15306 3637 139078 171298
S_1020558,94535 186158 90470 90363 70565 162923 88934 45799 24717 10959
S_1020559,93673 65396 29550 9009 23285 57878 39537 62003 11091 96382
S_1020569,149145 12814 91524 150467 54723 51575 4056 117685 25901 20973
S_1020571,38612 113216 67710 113242 27187 129242 69045 36714 132548 113223
S_1020579,168435 32336 185411 79146 30366 51060 111945 102077 111871 86880
S_1020598,137326 170970 118527 110062 156721 4797 108861 10679 44910 91112
S_1020608,96573 137382 26845 142343 24653 65529 160104 19634 173343 25077
S_1020611,42108 97665 152084 62834 98671 165912 53989 52875 103998 111397
S_1020614,105176 85604 170315 39310 11100 162790 185585 53592 139546 115693
S_1020618,172342 136760 46837 49063 58128 53858 124280 151943 94376 167644
S_1020624,12220 179543 57082 17283 127826 147058 168466 122938 93803 187418
S_1020632,174256 185439 163659 113219 13392 18322 84257 185332 134760 9513
S_1020640,131347 176472 181436 48151 101655 60873 84956 178202 138151 118884
S_1020647,56876 153809 78039 125527 160921 178418 168561 13946 162816 73808
S_1020653,93527 40111 158522 159715 76672 111973 108646 84571 15718 187187
S_1020661,7255 161954 85949 98487 60772 73708 73710 55756 179637 51062
S_1020664,8884 82793 162205 50296 143099 165368 68731 64276 162700 11833
S_1020666,66765 96716 136291 140853 14826 81544 15185 104277 32383 85284
S_1020668,103943 9911 22420 135940 20166 35471 51277 101006 13006 94566
S_1020673,54672 10698 57460 182212 184466 158246 131004 148758 160174 157812
S_1020676,180491 180778 92037 43289 107003 117192 56292 71131 15600 40528
S_1020689,158550 6047 89375 53676 80903 136569 701 16242 64076 52305
S_1020690,112841 77346 114007 107838 168753 123154 90807 29630 36067 151539
S_1020691,155437 174836 6460 33860 153247 171671 78636 92502 122679 26970
S_1020694,123438 93563 176626 85438 99963 68722 9886 7134 67102 185831
S_1020699,125323 171057 37561 110475 152421 154413 81207 66656 177382 38619
S_1020702,28842 4893 60643 12340 110397 38394 95202 1079 186834 187569
S_1020703,8390 98786 3376 151472 158522 56276 31891 81540 40111 186654
S_1020708,111246 123302 47192 135444 90949 128687 51689 30366 99558 64982
S_1020712,76372 25750 114043 152475 67458 12908 110484 171278 83416 156964
S_1020713,180491 43289 15600 149986 107003 135492 25642 40528 27314 84756
S_1020721,48833 105899 118831 105372 139407 13709 94553 132866 145444 161066
S_1020758,169233 78680 90117 3297 13926 77405 106790 172756 81551 86693
S_1020770,88515 186893 172965 186130 61450 55488 82708 39233 151394 156178
S_1020771,751 14971 9705 51810 164234 128548 139334 6095 110328 98717
S_1020776,184306 77722 34376 94308 27631 178438 109873 27187 36434 163087
S_1020779,179676 171256 182887 51891 76198 96108 140928 186040 145003 135449
S_1020780,144007 24291 1274 22064 4738 42965 99569 11824 139632 79558
S_1020782,116779 32794 106327 164406 67296 153924 51277 157728 110095 77276
S_1020786,44735 109395 97387 108218 26318 138026 134611 108085 108061 129118
S_1020788,147360 160349 128757 40220 4440 159342 72008 131169 72657 125585
S_1020790,42570 130716 179538 171796 68913 36860 173053 102094 91351 47126
S_1020793,135993 161075 66841 88088 101590 56635 3963 124635 131864 157432
S_1020796,95999 121701 171857 77418 46074 43927 61581 48964 177590 22753
S_1020798,51103 136983 72311 175878 11246 169959 5237 94447 150543 61968
S_1020808,169794 178095 82940 179104 111201 87219 125475 159662 11527 131417
S_1020809,85612 59779 147590 56650 169835 57873 161472 171857 105309 171549
S_1020810,37857 86578 63859 4551 186647 186122 2058 116912 133758 147700
S_1020811,144794 175102 112869 187687 132491 39305 105846 84419 20541 127267
S_1020812,95137 33732 3353 124347 132133 166129 109270 143625 82553 108789
S_1020818,186198 57726 114958 78052 7202 109511 9116 82940 153047 87219
S_1020822,164816 128941 139509 186372 269 181696 58265 122246 44806 175535
S_1020835,28823 75183 95389 152259 15239 89885 77979 131835 83348 53800
S_1020837,557 7045 237 21769 161572 125745 90345 161206 137005 92308
S_1020850,72707 51228 30696 90936 142909 75531 48535 88977 64812 186574
S_1020851,145943 48144 56595 78642 62716 64094 22259 117785 16832 52678
S_1020855,61533 84317 88279 136460 173521 22502 6024 93186 155096 13576
S_1020861,80222 105889 113869 54627 3662 179061 162107 49016 71614 14115
S_1020862,103133 91017 177064 73819 112239 19783 142712 99199 121019 24117
S_1020869,68835 21676 15426 52168 71817 32805 33083 163408 40662 53186
S_1020876,91914 2438 85284 77418 17209 9291 160578 149190 171857 160179
S_1020879,26371 187607 181451 111641 4077 63931 106981 91137 22915 162054
S_1020880,107412 71663 168981 12638 15306 61544 16498 133264 99859 49603
S_1020884,3404 1647 148758 111291 85358 80266 35292 19894 50035 97661
S_1020886,93877 33429 79741 166111 174900 20607 701 135201 61925 165455
S_1020890,139379 110928 23008 2930 58269 30807 160328 16630 15976 159863
S_1020905,61735 42056 172965 141261 186893 136188 70192 64767 3651 161842
S_1020925,16131 179604 24028 79360 122229 144698 33654 130342 170087 19623
S_1020926,47581 28501 51575 149772 149145 67102 140394 20973 123438 61556
S_1020930,104125 12306 60187 87801 55725 171256 65222 4893 148014 85860
S_1020948,173718 12924 104070 121019 151873 23620 88396 140634 89606 29864
S_1020954,183979 143690 132142 75686 13129 131426 177765 7203 108773 156488
S_1020971,172427 43409 127070 5063 149081 142400 148603 104269 99272 183395
S_1020980,123408 172993 131426 124423 127254 147705 22521 64849 68292 140089
S_1020982,102033 183740 54250 100682 11043 63831 138962 116444 50489 54551
S_1020989,126024 56073 109785 105560 12565 31991 29324 110138 182335 105896
S_1020993,173368 139956 121337 68368 88820 144687 132221 70574 131606 184660
S_1021001,183337 40022 65488 162959 74830 31897 71453 141024 186372 172013
S_1021002,97722 42034 102683 88712 24435 150955 82245 46647 47826 74019
S_1021003,146651 147024 50495 58695 124945 51896 116535 127611 7846 33677
S_1021008,114622 168823 62263 171017 177167 176938 121574 183109 121669 100181
S_1021013,149081 84612 11626 76746 98503 63941 127070 177942 156047 185622
S_1021018,6543 147465 55818 52909 167559 15640 14861 33732 76373 3692
S_1021034,118388 9746 35599 48256 94667 766 111641 38249 123735 26970
S_1021035,36007 162645 88489 38051 132133 34209 161153 24435 122679 55818
S_1021046,124733 68870 69101 182133 53298 148232 159342 62716 175407 154543
S_1021048,27599 15824 96213 70303 24359 114322 67198 102691 75686 151462
S_1021057,148758 39174 124356 10096 3404 101349 71272 155289 1258 85358
S_1021058,156049 15712 100236 44329 76590 84825 119600 5979 73929 133147
S_1021065,17278 19356 32053 84327 72323 99593 67510 137550 86704 130884
S_1021074,149038 10827 10466 70565 83827 138639 90470 37727 131276 111061
S_1021081,102158 34049 16938 26996 82565 50104 102786 138134 187384 102329
S_1021088,56000 77976 29835 12456 87756 130224 163545 171057 70305 53984
S_1021094,161507 163519 78642 145943 56033 56595 22259 124198 93802 46243
S_1021112,149622 148116 128994 157645 32530 15629 141130 14930 30179 97665
S_1022366,147700 86578 4551 85668 63859 133451 116510 186122 153886 35343
S_1022424,21215 143435 164655 174414 186981 124932 125243 3252 179508 73473
S_1022443,40169 85508 17089 153506 95749 165156 146477 68984 157280 126660
S_1022446,51598 72014 135599 86077 15884 123712 175237 59674 182860 110411
S_1022455,98140 108379 162708 73779 137553 65626 82913 43771 19203 15070
S_1022457,40646 119546 64420 50796 141287 37937 56118 20964 41168 127254
S_1022459,125836 147204 73886 124918 159746 98586 173319 24892 180455 163545
S_1022462,167559 43621 103943 45312 90936 33732 67296 104262 62665 106129
S_1022464,98788 134033 24782 85708 15445 158717 114482 27896 96949 161551
S_1022466,99246 130189 159520 141512 62185 21275 50278 164105 168798 28568
S_1022467,182042 116308 106645 152354 81269 89522 3669 159342 163519 22259
S_1022477,117483 106674 61228 53632 158667 16262 38177 41788 168380 149880
S_1022478,145734 22246 43399 167264 172596 45638 100082 122596 133782 43907
S_1022480,142339 52828 30671 164460 100906 162972 2292 153472 167639 110602
S_1022481,109230 54933 53961 684 141320 142541 186465 187600 23239 96985
S_1022487,125836 147204 73886 173319 159746 105725 163545 69045 157067 24667
S_1022493,187357 36161 107867 123260 144673 39073 98647 4863 142378 95573
S_1022495,40662 215 15426 33083 140242 33421 34057 70384 52168 68835
S_1022498,141393 115743 133519 54777 47752 38210 102963 123782 134841 72883
S_1022499,33230 97249 163609 69220 105263 187243 100032 104574 143957 110023
S_1022500,175213 8484 80830 103246 102859 143587 122292 32525 180395 17701
S_1022504,122747 167792 166559 86084 179754 39693 3241 134925 127220 120629
S_1022505,59035 98574 149978 75042 178002 47555 38895 71264 179536 181039
S_1022511,105033 58203 157911 162719 142990 144797 72047 32799 47549 95740
S_1022512,28839 85151 137626 4314 14611 138032 60797 38841 117714 166601
S_1022514,36597 186130 151714 62123 81419 179825 94314 91375 158763 94969
S_1022519,45293 49094 167000 180550 102035 113627 29685 10548 95921 27043
S_1022521,61889 130485 124910 149179 34588 147073 49543 67382 109611 20279
S_1022523,126448 130797 125506 185303 2763 145328 120745 133527 182769 168466
S_1022527,168196 181703 92945 174785 144967 152930 3638 7201 142371 152924
S_1022535,180834 22635 88887 4769 141689 60146 22296 76843 13557 53914
S_1022538,12480 108008 68535 103050 177364 176903 185275 10553 161572 135705
S_1022540,35767 181174 165315 52251 177813 143390 175549 135875 81965 164717
S_1022549,43292 8481 183103 184479 83917 60133 24284 94633 26444 82645
S_1022551,69402 11175 125836 143198 135782 147204 98434 136188 142181 103127
S_1022557,74426 174701 159145 150467 163859 26969 114447 161751 10402 127065
S_1022561,45669 101498 31419 93621 82848 12786 2509 139318 88489 170046
S_1023083,36375 93527 132057 7793 145665 162754 138670 3271 85500 108646
S_1023089,148512 7709 78544 140178 35439 73410 39583 129078 138639 50114
S_1023093,50050 150552 157519 108050 4769 67296 43621 7203 33512 82817
S_1023095,7793 93527 40111 108646 145665 159715 111973 36375 55632 158522
S_1023137,104452 153779 131342 86720 46647 84655 142631 41462 29366 153924
S_1023144,143623 149190 131104 61889 39310 34588 97941 109611 98061 80219
S_1023149,91055 173243 138827 157348 31496 91160 128188 89077 70653 8081
S_1023150,98677 38734 177777 179063 14650 91098 91985 81696 4441 172715
S_1023161,56910 65276 30373 146171 67011 25163 89445 11847 69539 134098
S_1023171,83618 114082 78544 99864 101308 100449 130392 57838 171823 67214
S_1023173,105896 109785 12059 64865 145052 135889 180760 168121 128188 26780
S_1023177,66464 29864 140513 105701 12537 133465 58358 162790 10421 186789
S_1023184,135489 99449 60898 88603 156487 56029 144302 185089 119938 63967
S_1023189,173094 94072 21055 60530 177661 120590 132224 130224 51926 173403
S_1023191,21015 127611 138083 130210 135277 32951 170231 66687 147024 124945
S_1023200,21412 31238 119546 117914 25174 152277 129725 174317 13822 55942
S_1023210,141889 66007 506 15741 50341 93102 156088 130632 9747 177198
S_1023237,43588 38310 108909 72295 29943 142736 165277 119286 133088 117317
S_1023242,63897 187438 60759 92997 179200 44464 35130 84552 144938 5960
S_102344,98514 155995 100366 107427 115946 41012 113273 53468 26153 93634
S_102345,44705 168970 148758 15845 160174 184110 106114 8933 148211 88080
S_102347,11813 152084 42108 165912 167310 53536 176184 649 52875 150797
S_102350,39310 131104 180800 176148 98061 105889 59372 61889 143623 105703
S_102353,107935 143494 181080 78636 6675 128632 66469 109380 154497 155483
S_1023593,151150 123690 133311 185622 14371 106990 118206 144967 33687 10862
S_1023599,124011 167695 108109 102859 131238 73736 111579 163851 27350 116240
S_102360,159321 96953 104262 69045 128226 176791 38612 161326 54742 96226
S_1023600,36173 14470 167555 148119 781 104283 114981 94016 84910 175541
S_1023603,44113 180760 179718 180003 184350 41334 157800 182450 181629 108213
S_1023604,140242 33083 20425 168466 43854 15426 70384 18427 41633 14417
S_1023608,112522 112878 15142 104431 185576 173566 63052 58474 54068 144927
S_1023610,149153 12076 161758 73597 33457 108037 92662 64319 169105 106898
S_1023612,172700 175136 165176 160562 180381 177232 141377 139497 169118 118857
S_1023618,165121 60106 70626 22243 35791 5682 138471 115815 16102 70135
S_1023619,118439 106445 152236 18380 92549 73511 19622 176685 174800 146100
S_1023623,29418 180664 108382 151874 78135 58894 3393 162122 114563 105579
S_1023624,175119 88820 147132 70123 34453 184660 15845 81873 158871 121337
S_1023629,141856 160537 63930 63971 187438 122302 159428 95495 127039 173145
S_102363,25609 181834 36686 113009 7482 21704 99715 46209 70882 100783
S_1023631,57812 129667 107476 110620 5700 76828 126467 60946 13703 104713
S_1023634,11470 114077 42279 104030 64332 187600 141320 184230 144860 163859
S_1023645,113629 103085 108646 76672 47507 36010 119012 89096 95341 114347
S_1023647,111973 98514 71272 114094 150797 148758 56547 80266 155300 91173
S_1023648,172572 185089 156640 45377 78590 73746 169695 124942 13337 44529
S_1023650,111946 51710 44174 59579 60786 13652 37450 42969 164145 32525
S_1023651,135456 45031 45365 10727 181932 170788 21407 154523 96273 45621
S_1023657,48090 143928 94064 182173 161206 180096 9723 90958 44262 152220
S_1023659,117649 81200 104893 155276 45468 79280 35072 63405 169959 65717
S_1023660,76672 39486 98417 29797 116462 13920 95030 15718 89096 58312
S_1023662,131448 86833 19783 109177 82065 95984 143383 29864 78888 101630
S_1023663,139078 49603 182409 37412 16506 107412 133104 9280 21337 76108
S_1023671,176978 24675 128648 174031 100908 150371 115430 45257 123226 11503
S_102368,40278 90586 101774 68483 33440 39438 164180 44196 97814 124827
S_1023683,13347 185751 117135 113998 164175 122190 34203 98194 24560 182525
S_1023684,161917 31151 78395 91124 7045 27062 25588 165781 55712 143837
S_1023686,133071 21772 71614 120379 80108 155792 10998 162567 36850 186861
S_1023694,148192 52841 8101 176080 15976 116297 32410 23008 30807 54879
S_1023697,57343 33208 175736 61295 23970 93236 174065 114368 141543 50701
S_1023702,145591 114183 25564 127697 46460 113571 29492 73714 70480 176012
S_1023708,145309 69609 152090 5120 122202 103150 173889 138955 138216 16400
S_1023715,141936 92585 128506 52409 133317 118817 65355 82658 99230 146100
S_1023722,37159 145284 124894 2929 73527 28577 158393 143110 110411 185722
S_1023738,108213 182654 54068 32655 184350 60429 77528 135889 182692 179821
S_1023747,104760 26868 172233 158945 174681 124364 28322 170533 167526 181784
S_1023748,144978 109633 45938 108348 10326 115950 118206 77205 141207 152273
S_1023761,124839 12321 47290 20662 70230 113265 176791 76070 102231 5702
S_1023767,47336 6251 111632 44321 99233 88188 107580 63977 14898 7810
S_1023769,34018 55818 19306 135940 36678 38507 68853 64141 82553 117089
S_1023771,178628 85302 145388 66379 88701 73497 81881 162414 71154 18059
S_1023774,178488 29029 138944 179112 167140 28672 142155 179816 53510 50307
S_1023775,76358 42489 16088 95402 18186 149814 183469 27851 78861 14091
S_1023776,35336 49766 4352 152669 146896 137666 168804 141461 155006 114621
S_1023779,162527 96213 57782 1207 36948 151462 24500 72743 138767 90369
S_1023780,5555 44548 64966 169468 51689 82396 178274 177060 107874 145120
S_1023783,105687 80251 84173 111832 108379 47974 65626 84020 121779 15986
S_1023786,21769 7045 237 125745 129391 60305 18794 161206 110180 557
S_1023789,24541 69081 117240 182846 130820 86957 169728 187630 53971 151497
S_1023790,86704 118142 166720 46261 17278 48941 81997 102618 42 39358
S_1023792,62531 450 65101 182021 154497 68205 76243 22856 42085 97580
S_1023793,122711 182692 71453 170907 186372 58832 87657 4143 150819 66007
S_1023795,130820 116571 179826 169728 110657 18829 172509 47244 20252 14778
S_1023809,37485 84600 94770 174501 104738 23121 107685 6092 160864 159581
S_1023810,148908 173347 31335 61524 118259 53808 49320 138240 109204 168855
S_1023827,157841 146342 8559 183281 184386 57850 74853 9998 68849 17513
S_1023829,186597 127396 112418 130909 50264 7737 259 31584 84451 81019
S_102383,111647 4201 85604 103543 68873 170315 94579 85946 141953 37425
S_1023845,36806 23085 100130 93803 93199 88380 108434 70421 183236 144129
S_1023846,84674 127333 41995 21048 5215 237 23092 129067 35072 161018
S_1023847,32959 174646 57726 141327 155268 7201 112152 50669 90130 90340
S_1023848,85169 138578 113376 85988 37895 115940 51389 119598 142221 180283
S_1023849,33547 108352 9364 71614 37968 35290 80222 149815 10998 167254
S_1023853,66017 75503 138938 121559 65058 164881 67702 181860 95757 149582
S_1023855,27311 86453 33829 37958 21415 179100 84909 119776 89414 79387
S_102386,179503 156083 65223 148563 75133 110853 175535 28882 23564 182929
S_1023863,8608 164406 122938 13926 20602 69437 104863 166564 51277 111989
S_102387,173585 162553 35422 93717 29759 28307 149272 184865 94338 152753
S_1023891,174599 115985 114133 107839 179470 61217 103103 130660 20059 176835
S_1023900,104523 80717 182861 113109 178398 52494 166413 165549 28447 63466
S_1023904,47364 4769 62393 22635 26050 106245 117427 103943 17159 158003
S_102391,37295 62342 168981 38697 155437 167541 164406 179652 174836 75183
S_1023923,22259 62716 124198 78642 163519 56595 93802 165625 64094 135125
S_1023926,135070 75555 187569 33590 74671 162680 15374 144825 158405 33597
S_102395,41769 63497 68396 6729 172306 61437 86513 89888 40271 160727
S_102396,38706 47218 124666 25385 48344 150223 16042 106929 62169 27187
S_102400,162704 135231 153536 40664 54772 15634 183283 8409 11686 161210
S_102401,82505 19602 51658 127345 80983 45431 90846 164414 126208 159648
S_102404,182089 172462 155117 153012 16437 137828 74692 176419 43584 10727
S_102413,62853 17002 134477 158184 156153 166131 159210 134327 141626 77399
S_102419,11813 165912 42108 152084 176184 649 65584 53536 167310 60274
S_102422,182367 82026 105330 34685 71612 144234 140089 41402 133741 71146
S_102425,117002 115918 144751 40460 8576 133317 183050 159186 60588 13607
S_102433,92681 4769 47364 46147 81797 159892 87477 166277 155656 97461
S_1024334,162754 22799 31891 76672 93527 15718 39725 13920 130948 60274
S_1024336,93466 85414 22817 88755 127454 90073 160368 17262 50772 143840
S_1024339,9470 109785 110138 89262 182654 105896 12059 158177 182335 145052
S_1024343,143208 186213 142310 66139 54899 86342 162962 132346 145517 78713
S_1024344,174061 162057 12194 162790 5572 160002 96639 140634 76066 146376
S_1024346,35624 177479 92723 133608 148119 27171 27657 27246 98534 79263
S_1024348,123302 164414 83252 52540 114099 78083 78785 110593 32274 27162
S_1024351,80188 171298 85791 68686 77488 160002 135221 5572 27314 93890
S_1024355,42028 168424 83696 30176 126096 39552 187102 118806 64873 1229
S_1024362,152384 54627 6039 102379 4401 97339 37494 90627 173497 112381
S_1024364,116345 148803 103806 187156 38985 56829 75680 116175 93736 80085
S_1024368,40145 117917 131426 103245 30277 134161 130224 103127 19179 15650
S_102437,179061 105889 80222 3662 171857 40349 71614 85284 60116 144298
S_1024377,151672 85066 74637 38689 846 124686 94730 4269 125043 92235
S_102438,15778 83680 131439 37397 39622 122795 72274 88879 109302 74993
S_1024381,43125 68076 99073 166917 126633 14968 145685 3408 77495 16982
S_1024382,99685 135221 109177 165467 34307 143535 75624 121426 37341 32559
S_1024390,174332 115461 21295 79167 112466 171791 79341 123272 28638 40127
S_1024396,112304 87119 124994 33590 172589 30161 175221 44820 166786 90445
S_1024403,134450 177813 108100 168949 62318 84957 33226 14629 141232 52251
S_1024404,106585 60286 35816 166390 119286 135876 145689 166385 112498 50607
S_1024406,162057 96639 104869 174061 5572 160002 62343 12194 146376 85791
S_1024414,97199 185930 170244 93685 89410 60187 99909 15643 56475 63906
S_1024415,52724 72860 151905 185467 2387 150665 164845 85717 85032 179817
S_1024419,50701 117493 69248 142764 174065 32396 122602 42022 60265 39983
S_1024421,123002 63114 33732 143519 140552 9246 183281 91275 49 95217
S_1024422,182777 80761 127911 8707 11434 78174 180469 84537 98128 60566
S_1024428,9849 154756 151714 134675 140623 103127 37831 17055 47736 1122
S_1024432,57834 121972 80278 105765 71740 21794 110401 65012 81189 185667
S_102444,62834 52875 148978 98671 42108 152084 130111 97665 11504 49785
S_1024463,56376 112029 24450 104970 67581 5480 116504 131151 24849 127097
S_1024466,23587 91467 168482 68961 43851 148225 95251 12959 154326 75932
S_102456,171298 80188 68686 12638 156830 101107 156294 104869 45344 135221
S_102457,237 21769 557 161206 127333 7045 176979 37245 116869 53482
S_102459,148427 143840 54152 109611 33950 176498 127992 56599 16498 19783
S_102474,167749 42056 16104 156408 179825 102178 174681 7945 84825 133147
S_102485,136619 147987 87249 149451 37412 168660 16145 70737 49603 111554
S_102498,54633 14629 85171 135875 56434 14717 141232 81001 166169 62275
S_102512,167749 16104 42056 156408 50050 102178 174681 179825 133147 48304
S_102513,45858 65402 53582 130298 54933 185014 117299 119122 63636 153047
S_102523,73140 92318 162896 109126 1115 144956 149869 4351 134662 55626
S_1025255,138862 140769 131689 78638 57062 21619 23050 157845 97491 80944
S_1025256,34685 180148 175739 147892 50796 164663 133741 69926 71146 45897
S_1025259,108367 176201 81713 134664 155551 33356 129187 64292 143510 96965
S_1025261,12548 231 11972 97624 28056 183867 68138 104767 70105 13486
S_1025263,143928 48090 94064 180096 187607 157946 83288 111941 66388 174104
S_1025267,142263 104575 10181 64913 57736 169835 2157 122428 163471 145231
S_1025278,60260 88472 146209 116522 5682 170950 139428 59001 133502 55167
S_1025279,120084 35422 67634 34268 15623 15125 168170 73799 151348 173585
S_1025285,130580 162561 70983 39249 149451 99462 72041 177617 70469 55186
S_1025297,155792 121202 133071 186861 55574 21772 169144 99140 187001 80108
S_1025298,134627 132015 21152 101436 142466 169279 97814 22564 39701 30830
S_1025307,71172 24622 124697 81028 77699 129096 113675 72980 134316 51059
S_102531,21769 7045 237 125745 129391 18794 110180 557 96153 53928
S_1025312,7797 22863 56393 164118 171062 84878 44202 61967 18449 80312
S_1025322,16583 176030 186556 16681 51931 108548 107599 4549 118884 160932
S_1025344,31744 174550 170740 48185 162118 179812 124914 68295 69320 147450
